{
  "hash": "eb7212bb",
  "configHash": "9fbcea1b",
  "lockfileHash": "33b1a1b2",
  "browserHash": "337eae81",
  "optimized": {
    "@angular/core": {
      "src": "../../../../../node_modules/@angular/core/fesm2022/core.mjs",
      "file": "@angular_core.js",
      "fileHash": "6be85d98",
      "needsInterop": false
    },
    "@angular/platform-browser": {
      "src": "../../../../../node_modules/@angular/platform-browser/fesm2022/platform-browser.mjs",
      "file": "@angular_platform-browser.js",
      "fileHash": "0ecafaf1",
      "needsInterop": false
    },
    "@angular/router": {
      "src": "../../../../../node_modules/@angular/router/fesm2022/router.mjs",
      "file": "@angular_router.js",
      "fileHash": "e77ebd7e",
      "needsInterop": false
    }
  },
  "chunks": {
    "chunk-UN2XCSBL": {
      "file": "chunk-UN2XCSBL.js"
    },
    "chunk-DW5SNYKA": {
      "file": "chunk-DW5SNYKA.js"
    }
  }
}